Workbook

Sheet Исходные_данные
A1: Филиал | B1: Менеджер | C1: Продажи | D1: Звонки | E1: Встречи
A2: Центральный | B2: Абрамов П.И | C2: 92000 | D2: 85 | E2: 1
A3: Центральный | B3: Алексеева М.П. | C3: 165500 | D3: 34 | E3: 9
A4: Центральный | B4: Андреева Е.П. | C4: 97400 | D4: 66 | E4: 0
A5: Центральный | B5: Басов Е.М. | C5: 104950 | D5: 73 | E5: 7
A6: Центральный | B6: Буров А.Л. | C6: 175230 | D6: 92 | E6: 4
A7: Центральный | B7: Громова Е.Ф. | C7: 216149 | D7: 95 | E7: 5
A8: Центральный | B8: Емельянов М.А. | C8: 109200 | D8: 21 | E8: 10
A9: Центральный | B9: Ильин Г.Г. | C9: 228379 | D9: 79 | E9: 3
A10: Центральный | B10: Куликов Ф.Д. | C10: 373865 | D10: 59 | E10: 5
A11: Центральный | B11: Малахова В.А. | C11: 343360 | D11: 95 | E11: 4
A12: Центральный | B12: Маркова В.А. | C12: 83305 | D12: 25 | E12: 9
A13: Центральный | B13: Пантелеева А.Ю. | C13: 226899 | D13: 68 | E13: 2
... A17: Центральный | B17: Федотова Е.Д. | C17: 100645 | D17: 17 | E17: 9
A18: Итого по филиалу | C18: =SUM(C2:C17) -> 3140615 | D18: =SUM(D2:D17) -> 1035 | E18: =SUM(E2:E17) -> 76
A20: Троицк | B20: Борисов Т.М. | C20: 302080 | D20: 46 | E20: 8
A21: Троицк | B21: Борисов М.М | C21: 394150 | D21: 88 | E21: 1
A22: Троицк | B22: Быкова М.Е. | C22: 279740 | D22: 57 | E22: 0
A23: Троицк | B23: Егорова А.А. | C23: 166480 | D23: 43 | E23: 10
A24: Троицк | B24: Корнеев А.М. | C24: 88510 | D24: 50 | E24: 0
A25: Троицк | B25: Смирнов А.Т. | C25: 355580 | D25: 17 | E25: 10
A26: Троицк | B26: Федотова А.К. | C26: 379470 | D26: 80 | E26: 3
A27: Итого по филиалу | C27: =SUM(C20:C26) -> 1966010 | D27: =SUM(D20:D26) -> 381 | E27: =SUM(E20:E26) -> 32
A29: Балашиха | B29: Авдеева В.К. | C29: 137579 | D29: 58 | E29: 7
A30: Балашиха | B30: Аксенова У.М. | C30: 250560 | D30: 27 | E30: 7
A31: Балашиха | B31: Елисеева Е.А. | C31: 300895 | D31: 54 | E31: 8
A32: Балашиха | B32: Жукова В.В. | C32: 203046 | D32: 59 | E32: 8
A33: Балашиха | B33: Ильин В.Л | C33: 378880 | D33: 67 | E33: 12
A34: Балашиха | B34: Комаров Я.Д. | C34: 364200 | D34: 63 | E34: 5
A35: Балашиха | B35: Кузнецова А.М. | C35: 197900 | D35: 51 | E35: 4
A36: Балашиха | B36: Лазарев П.Е. | C36: 236550 | D36: 92 | E36: 9
A37: Балашиха | B37: Субботин Д.М. | C37: 80800 | D37: 120 | E37: 0
A38: Итого по филиалу | C38: =SUM(C29:C37) -> 2150410 | D38: =SUM(D29:D37) -> 591 | E38: =SUM(E29:E37) -> 60

Sheet Очистка_и_структура
A1: Филиал | B1: Продажи | C1: Звонки | D1: Встречи
A2: Центральный | B2: 3140615 | C2: 1035 | D2: 76
A4: Троицк | B4: 1966010 | C4: 381 | D4: 32
A6: Балашиха | B6: 2150410 | C6: 591 | D6: 60
A8: Филиал | B8: Центральный | C8: Троицк | D8: Балашиха
A9: Продажи | B9: 3140615 | C9: 1966010 | D9: 2150410
A10: Звонки | B10: 1035 | C10: 381 | D10: 591
A11: Встречи | B11: 76 | C11: 32 | D11: 60

Sheet ABC_сегментация
A1: Менеджер | B1: Продажи | C1: Доля | D1: Накопительный итог | E1: Категория АВС
A2: Борисов М.М | B2: 394150 | C2: =B2/$B$34 -> 0.054312815 | D2: =C2 -> 0.054312815 | E2: =IF(D2<=0.8,"A",IF(D2<=0.95,"B","C")) -> A
A3: Пахомов И.К. | B3: 380585 | C3: =B3/$B$34 -> 0.052443594 | D3: =C3+D2 -> 0.10675641 | E3: =IF(D3<=0.8,"A",IF(D3<=0.95,"B","C")) -> A
A4: Федотова А.К. | B4: 379470 | C4: =B4/$B$34 -> 0.05228995 | D4: =C4+D3 -> 0.15904636 | E4: =IF(D4<=0.8,"A",IF(D4<=0.95,"B","C")) -> A
A5: Ильин В.Л | B5: 378880 | C5: =B5/$B$34 -> 0.05220865 | D5: =C5+D4 -> 0.21125501 | E5: =IF(D5<=0.8,"A",IF(D5<=0.95,"B","C")) -> A
A6: Куликов Ф.Д. | B6: 373865 | C6: =B6/$B$34 -> 0.051517596 | D6: =C6+D5 -> 0.26277261 | E6: =IF(D6<=0.8,"A",IF(D6<=0.95,"B","C")) -> A
A7: Комаров Я.Д. | B7: 364200 | C7: =B7/$B$34 -> 0.050185785 | D7: =C7+D6 -> 0.31295839 | E7: =IF(D7<=0.8,"A",IF(D7<=0.95,"B","C")) -> A
A8: Смирнов А.Т. | B8: 355580 | C8: =B8/$B$34 -> 0.048997972 | D8: =C8+D7 -> 0.36195636 | E8: =IF(D8<=0.8,"A",IF(D8<=0.95,"B","C")) -> A
A9: Малахова В.А. | B9: 343360 | C9: =B9/$B$34 -> 0.047314089 | D9: =C9+D8 -> 0.40927045 | E9: =IF(D9<=0.8,"A",IF(D9<=0.95,"B","C")) -> A
A10: Борисов Т.М. | B10: 302080 | C10: =B10/$B$34 -> 0.041625816 | D10: =C10+D9 -> 0.45089627 | E10: =IF(D10<=0.8,"A",IF(D10<=0.95,"B","C")) -> A
A11: Елисеева Е.А. | B11: 300895 | C11: =B11/$B$34 -> 0.041462526 | D11: =C11+D10 -> 0.49235879 | E11: =IF(D11<=0.8,"A",IF(D11<=0.95,"B","C")) -> A
A12: Быкова М.Е. | B12: 279740 | C12: =B12/$B$34 -> 0.038547423 | D12: =C12+D11 -> 0.53090622 | E12: =IF(D12<=0.8,"A",IF(D12<=0.95,"B","C")) -> A
A13: Аксенова У.М. | B13: 250560 | C13: =B13/$B$34 -> 0.034526497 | D13: =C13+D12 -> 0.56543271 | E13: =IF(D13<=0.8,"A",IF(D13<=0.95,"B","C")) -> A
A14: Парфенова А.К. | B14: 237800 | C14: =B14/$B$34 -> 0.032768204 | D14: =C14+D13 -> 0.59820092 | E14: =IF(D14<=0.8,"A",IF(D14<=0.95,"B","C")) -> A
... A33: Субботин Д.М. | B33: 80800 | C33: =B33/$B$34 -> 0.011134024 | D33: =C33+D32 -> 1 | E33: =IF(D33<=0.8,"A",IF(D33<=0.95,"B","C")) -> C
A34: Общая выручка | B34: =SUM(B2:B33) -> 7257035

Sheet KPI_и_Оценка
A1: СИСТЕМА ГРЕЙДОВ | D1: KPI ОТДЕЛА
A2: Объем продаж (больше или равен) | B2: Процент с продаж | D2: Критерии | E2: Значения
A3: 150000 | B3: 0.02 | D3: Целевые продажи | E3: 300000
A4: 200000 | B4: 0.03 | D4: Целевые звонки | E4: 60
A5: 275000 | B5: 0.04 | D5: Процент в мотивацию | E5: 0.02
A6: 300000 | B6: 0.05 | D6: Целевые встречи | E6: 3
D7: Процент премии | E7: 0.005
A8: Расчет мотивации с условиями
A9: Филиал | B9: Менеджер | C9: Продажи | D9: Звонки | E9: Встречи | F9: План выполнен? ≥ 300 000 | G9: Бонус | H9: Премия | I9: Активность
A10: Балашиха | B10: Ильин В.Л | C10: 378880 | D10: 67 | E10: 12 | F10: =IF(C10>=$E$3,"Да","Нет") -> Да | G10: =IF(C10>=$A$6,C10*$B$6,IF(C10>=$A$5,C10*$B$5,IF(C10>=$A$4,C10*$B$4,IF(C10>=$A$3,C10*$B$3,0)))) -> 18944 | H10: =IF(AND(C10>$E$3,NOT(E10<$E$6)),C10*$E$7,0) -> 1894.4 | I10: =IF(OR(C10>$E$3,D10>$E$4),C10*$E$5,0) -> 7577.6
A11: Балашиха | B11: Комаров Я.Д. | C11: 364200 | D11: 63 | E11: 5 | F11: =IF(C11>=$E$3,"Да","Нет") -> Да | G11: =IF(C11>=$A$6,C11*$B$6,IF(C11>=$A$5,C11*$B$5,IF(C11>=$A$4,C11*$B$4,IF(C11>=$A$3,C11*$B$3,0)))) -> 18210 | H11: =IF(AND(C11>$E$3,NOT(E11<$E$6)),C11*$E$7,0) -> 1821 | I11: =IF(OR(C11>$E$3,D11>$E$4),C11*$E$5,0) -> 7284
A12: Балашиха | B12: Елисеева Е.А. | C12: 300895 | D12: 54 | E12: 8 | F12: =IF(C12>=$E$3,"Да","Нет") -> Да | G12: =IF(C12>=$A$6,C12*$B$6,IF(C12>=$A$5,C12*$B$5,IF(C12>=$A$4,C12*$B$4,IF(C12>=$A$3,C12*$B$3,0)))) -> 15044.75 | H12: =IF(AND(C12>$E$3,NOT(E12<$E$6)),C12*$E$7,0) -> 1504.475 | I12: =IF(OR(C12>$E$3,D12>$E$4),C12*$E$5,0) -> 6017.9
A13: Балашиха | B13: Аксенова У.М. | C13: 250560 | D13: 27 | E13: 7 | F13: =IF(C13>=$E$3,"Да","Нет") -> Нет | G13: =IF(C13>=$A$6,C13*$B$6,IF(C13>=$A$5,C13*$B$5,IF(C13>=$A$4,C13*$B$4,IF(C13>=$A$3,C13*$B$3,0)))) -> 7516.8 | H13: =IF(AND(C13>$E$3,NOT(E13<$E$6)),C13*$E$7,0) -> 0 | I13: =IF(OR(C13>$E$3,D13>$E$4),C13*$E$5,0) -> 0
A14: Балашиха | B14: Лазарев П.Е. | C14: 236550 | D14: 92 | E14: 9 | F14: =IF(C14>=$E$3,"Да","Нет") -> Нет | G14: =IF(C14>=$A$6,C14*$B$6,IF(C14>=$A$5,C14*$B$5,IF(C14>=$A$4,C14*$B$4,IF(C14>=$A$3,C14*$B$3,0)))) -> 7096.5 | H14: =IF(AND(C14>$E$3,NOT(E14<$E$6)),C14*$E$7,0) -> 0 | I14: =IF(OR(C14>$E$3,D14>$E$4),C14*$E$5,0) -> 4731
A15: Балашиха | B15: Жукова В.В. | C15: 203046 | D15: 59 | E15: 8 | F15: =IF(C15>=$E$3,"Да","Нет") -> Нет | G15: =IF(C15>=$A$6,C15*$B$6,IF(C15>=$A$5,C15*$B$5,IF(C15>=$A$4,C15*$B$4,IF(C15>=$A$3,C15*$B$3,0)))) -> 6091.38 | H15: =IF(AND(C15>$E$3,NOT(E15<$E$6)),C15*$E$7,0) -> 0 | I15: =IF(OR(C15>$E$3,D15>$E$4),C15*$E$5,0) -> 0
A16: Балашиха | B16: Кузнецова А.М. | C16: 197900 | D16: 51 | E16: 4 | F16: =IF(C16>=$E$3,"Да","Нет") -> Нет | G16: =IF(C16>=$A$6,C16*$B$6,IF(C16>=$A$5,C16*$B$5,IF(C16>=$A$4,C16*$B$4,IF(C16>=$A$3,C16*$B$3,0)))) -> 3958 | H16: =IF(AND(C16>$E$3,NOT(E16<$E$6)),C16*$E$7,0) -> 0 | I16: =IF(OR(C16>$E$3,D16>$E$4),C16*$E$5,0) -> 0
A17: Балашиха | B17: Авдеева В.К. | C17: 137579 | D17: 58 | E17: 7 | F17: =IF(C17>=$E$3,"Да","Нет") -> Нет | G17: =IF(C17>=$A$6,C17*$B$6,IF(C17>=$A$5,C17*$B$5,IF(C17>=$A$4,C17*$B$4,IF(C17>=$A$3,C17*$B$3,0)))) -> 0 | H17: =IF(AND(C17>$E$3,NOT(E17<$E$6)),C17*$E$7,0) -> 0 | I17: =IF(OR(C17>$E$3,D17>$E$4),C17*$E$5,0) -> 0
A18: Балашиха | B18: Субботин Д.М. | C18: 80800 | D18: 120 | E18: 0 | F18: =IF(C18>=$E$3,"Да","Нет") -> Нет | G18: =IF(C18>=$A$6,C18*$B$6,IF(C18>=$A$5,C18*$B$5,IF(C18>=$A$4,C18*$B$4,IF(C18>=$A$3,C18*$B$3,0)))) -> 0 | H18: =IF(AND(C18>$E$3,NOT(E18<$E$6)),C18*$E$7,0) -> 0 | I18: =IF(OR(C18>$E$3,D18>$E$4),C18*$E$5,0) -> 1616
A19: Троицк | B19: Борисов М.М | C19: 394150 | D19: 88 | E19: 1 | F19: =IF(C19>=$E$3,"Да","Нет") -> Да | G19: =IF(C19>=$A$6,C19*$B$6,IF(C19>=$A$5,C19*$B$5,IF(C19>=$A$4,C19*$B$4,IF(C19>=$A$3,C19*$B$3,0)))) -> 19707.5 | H19: =IF(AND(C19>$E$3,NOT(E19<$E$6)),C19*$E$7,0) -> 0 | I19: =IF(OR(C19>$E$3,D19>$E$4),C19*$E$5,0) -> 7883
A20: Троицк | B20: Федотова А.К. | C20: 379470 | D20: 80 | E20: 3 | F20: =IF(C20>=$E$3,"Да","Нет") -> Да | G20: =IF(C20>=$A$6,C20*$B$6,IF(C20>=$A$5,C20*$B$5,IF(C20>=$A$4,C20*$B$4,IF(C20>=$A$3,C20*$B$3,0)))) -> 18973.5 | H20: =IF(AND(C20>$E$3,NOT(E20<$E$6)),C20*$E$7,0) -> 1897.35 | I20: =IF(OR(C20>$E$3,D20>$E$4),C20*$E$5,0) -> 7589.4
A21: Троицк | B21: Смирнов А.Т. | C21: 355580 | D21: 17 | E21: 10 | F21: =IF(C21>=$E$3,"Да","Нет") -> Да | G21: =IF(C21>=$A$6,C21*$B$6,IF(C21>=$A$5,C21*$B$5,IF(C21>=$A$4,C21*$B$4,IF(C21>=$A$3,C21*$B$3,0)))) -> 17779 | H21: =IF(AND(C21>$E$3,NOT(E21<$E$6)),C21*$E$7,0) -> 1777.9 | I21: =IF(OR(C21>$E$3,D21>$E$4),C21*$E$5,0) -> 7111.6
... A41: Центральный | B41: Маркова В.А. | C41: 83305 | D41: 25 | E41: 9 | F41: =IF(C41>=$E$3,"Да","Нет") -> Нет | G41: =IF(C41>=$A$6,C41*$B$6,IF(C41>=$A$5,C41*$B$5,IF(C41>=$A$4,C41*$B$4,IF(C41>=$A$3,C41*$B$3,0)))) -> 0 | H41: =IF(AND(C41>$E$3,NOT(E41<$E$6)),C41*$E$7,0) -> 0 | I41: =IF(OR(C41>$E$3,D41>$E$4),C41*$E$5,0) -> 0

Sheet Дашборд
F2: План выполнен?
A3: Филиал | B3: Сумма по полю Продажи | C3: Сумма по полю Бонус | D3: Количество по полю Менеджер | F3: Филиал | G3: Да | H3: Нет | I3: % выполнения
A4: Балашиха | B4: 2150410 | C4: 76861.43 | D4: 9 | F4: Балашиха | G4: =COUNTIFS(KPI_и_Оценка!$A$10:$A$41,A4,KPI_и_Оценка!$F$10:$F$41,"Да") -> 3 | H4: =COUNTIFS(KPI_и_Оценка!$A$10:$A$41,A4,KPI_и_Оценка!$F$10:$F$41,"Нет") -> 6 | I4: =G4/D4 -> 0.33333333
A5: Троицк | B5: 1966010 | C5: 86083.2 | D5: 7 | F5: Троицк | G5: =COUNTIFS(KPI_и_Оценка!$A$10:$A$41,A5,KPI_и_Оценка!$F$10:$F$41,"Да") -> 4 | H5: =COUNTIFS(KPI_и_Оценка!$A$10:$A$41,A5,KPI_и_Оценка!$F$10:$F$41,"Нет") -> 3 | I5: =G5/D5 -> 0.57142857
A6: Центральный | B6: 3140615 | C6: 95142.35 | D6: 16 | F6: Центральный | G6: =COUNTIFS(KPI_и_Оценка!$A$10:$A$41,A6,KPI_и_Оценка!$F$10:$F$41,"Да") -> 3 | H6: =COUNTIFS(KPI_и_Оценка!$A$10:$A$41,A6,KPI_и_Оценка!$F$10:$F$41,"Нет") -> 13 | I6: =G6/D6 -> 0.1875
A7: Общий итог | B7: 7257035 | C7: 258086.98 | D7: 32 | G7: =SUM(G4:G6) -> 10 | I7: =G7/D7 -> 0.3125
A9: Топ-10 менеджеров по продажам
A10: Менеджер | B10: Продажи | C10: Филиал | D10: План
A11: Борисов М.М | B11: 394150 | C11: Троицк | D11: 300000
A12: Пахомов И.К. | B12: 380585 | C12: Центральный | D12: 300000
A13: Федотова А.К. | B13: 379470 | C13: Троицк | D13: 300000
A14: Ильин В.Л | B14: 378880 | C14: Балашиха | D14: 300000
A15: Куликов Ф.Д. | B15: 373865 | C15: Центральный | D15: 300000
A16: Комаров Я.Д. | B16: 364200 | C16: Балашиха | D16: 300000
A17: Смирнов А.Т. | B17: 355580 | C17: Троицк | D17: 300000
A18: Малахова В.А. | B18: 343360 | C18: Центральный | D18: 300000
A19: Борисов Т.М. | B19: 302080 | C19: Троицк | D19: 300000
A20: Елисеева Е.А. | B20: 300895 | C20: Балашиха | D20: 300000
A38: Выполнение плана
A39: Выполнили (≥300 000) | B39: =COUNTIF(KPI_и_Оценка!$F$10:$F$41,"Да") -> 10
A40: Не выполнили | B40: =COUNTIF(KPI_и_Оценка!$F$10:$F$41,"Нет") -> 22
